CustomerID,CustomerName,CustomerEmail,CustomerAddress,CustomerPhone
8e8dc0d9-1196-4f81-b74b-0e8ce6ce6cc8,Christopher Nolan,rhanna@example.net,"30717 Wheeler Corners
Robinsonfort, NM 63445",938-865-0853
cf77bd1c-9125-4b73-a37d-d86b21255a16,Michael Johnson,hflores@example.net,"Unit 1514 Box 7713
DPO AE 96016",001-969-513-2888x7438
0c2dfe40-8306-4519-9af1-280956005c85,Sarah Gardner,geraldspears@example.org,"55397 Holloway Unions Apt. 092
Pamchester, NE 99298",219-497-4010
ced3debf-cc13-43e0-9a07-19054a0df2d3,James James,daniel23@example.com,"400 Joshua Route
Langside, SD 71201",(329)484-1864x3046
15ed5b96-5af4-489d-8c63-822acd99a3f1,Samuel Campbell,deborahwatkins@example.com,"619 Gordon Run
West Charleschester, WV 49217",6008153093
e18dc6ba-ec38-49e7-9a6a-d6884576ba71,Kevin Ferguson,meagan86@example.org,"Unit 3929 Box 9639
DPO AP 79267",929-749-7185
3d1df5b2-632f-49fe-825f-d8e68ee16201,Andre Marks,kristin85@example.net,"847 Tucker Port
Phillipview, FM 16259",+1-331-302-2663x46498
0cab7b16-4688-44e9-836b-fcf41525faab,Carrie Vaughan,denise40@example.org,"493 Williamson Ridges Suite 390
Lake Nicholasburgh, DC 27913",8125119478
289c0762-e302-4764-9d32-67a9512d4b10,Joseph Patton,sosaronnie@example.com,"1816 Miller Forges Suite 621
Daleland, WY 83223",547.723.3886
4d73b692-6a5e-4c34-8907-a977f255118f,Darrell Daniels,maryhuang@example.net,"635 Morgan Hills Apt. 254
North Jeffview, CT 88961",455-520-1378x74867
1ca04fb6-106f-4268-9ded-8c59e38d307a,Rebecca Robles,julia56@example.com,"135 Sawyer Square Apt. 206
East Joshua, MI 86767",287-422-0341x4120
883fddef-8d1a-4ff6-a57c-05ba0453e3f2,Christine Ortega,josefrost@example.com,"705 Moore Courts
Port Taylor, NV 89697",001-989-851-1355x261
53b34bb2-bd83-409a-b0e7-6862be562212,Michael Reyes,tracy74@example.com,"19448 Yates Skyway
West Troychester, WA 55867",(204)304-8376x547
b2d25a92-2645-4df4-a90f-ed00f31d07cf,Dean Smith,zdavidson@example.com,"857 Kristine Green
New Kennethberg, AZ 21681",001-391-615-5804
430e3968-f8de-479c-9486-9a4245b879ec,Martha Dalton,thomashuynh@example.net,"120 Tyler Port Apt. 545
Mcgeehaven, OR 76476",374-420-9523x74777
0d192387-b75b-4e24-9a1a-e9aae398db5c,Douglas Suarez,lperez@example.org,"18468 Lori Lodge Suite 249
South Barbarafort, OH 23620",318-822-1560
fd5b374e-86c3-46ef-a770-09928151af71,Andrea Cannon,mary16@example.com,"6356 Jamie Forest
Williamsstad, NE 79801",4489605431
eb24001b-a084-456a-836b-b37f04531b1f,Matthew Rodriguez,kingjustin@example.org,"900 Chapman Green Suite 138
West Elizabeth, AL 61978",001-909-351-6434
491c77ce-df83-4fc4-8afc-ab4b2148ae9d,Lauren Tate,yarroyo@example.org,"987 White Knolls Suite 061
Aaronton, AS 11721",001-574-497-0790x709
0156526f-17b2-4741-b153-ffbfcfe34400,Traci Howell,john66@example.net,"190 Turner Ville
East Lisaland, KS 07983",474-899-3675
6f4cd2d1-b764-4e9b-bb36-a4bf0a473114,James Chen,ellisterri@example.com,"636 Ashley Highway
Brenthaven, KS 09855",(615)836-0836x71343
27001488-0b89-42c6-b4f5-c7fc3a93f424,Kevin Whitney,stuartmark@example.org,"3383 Zachary Rapids Apt. 151
Griffithfort, CO 95911",280.250.3137x6888
3b291211-1589-473a-a16d-16f6959b66af,Leah Jones,pricetommy@example.org,"87506 Swanson Mission Apt. 244
Carterside, NE 93077",593-230-1387x35977
9b038e02-e2ab-4bf3-a8db-1c126b3acb25,Lauren Liu,rmontgomery@example.com,"097 Arthur Extensions
Brittneyfurt, CA 46127",9199197242
1840d0f1-d425-4de1-a9c8-caecbb55980d,Shannon Beltran,jonathanfisher@example.org,"6137 Glover Cape Suite 053
Danielstad, GU 03730",+1-715-681-5895
bf458326-bb3d-4179-8ad1-5c5936e1cf44,Robert Cook,zlucas@example.org,"06425 Monroe Manor
West Josephville, WI 69484",511.906.2205
4f46af5a-e5b9-41b9-9081-194e22942816,Brian Hicks,wfrey@example.com,"Unit 6810 Box 7107
DPO AA 42963",(266)558-3728
09817f4c-02a8-483b-becc-2f728ad72ab1,Gregory Mccoy,uhayes@example.com,"741 Martinez Flat Suite 095
West Jenniferchester, AR 40184",435.841.6066x066
dee53fcc-4731-4721-afd9-1e6644be304d,Sophia Hughes,robbinsnicole@example.net,"86796 Ruiz Center
Rhondaborough, UT 16283",310-650-4395x0408
cac1bac3-d31f-4d2b-8d40-25aeadd26c3d,Tanya Ware,michaelatkins@example.org,"USNS Wilson
FPO AP 65605",394-652-6970
bb9bd566-023d-4def-8fda-1317dd613774,Russell Olsen,erikgraham@example.org,"4656 Wallace Mountains Suite 758
North Karen, MN 06465",001-720-256-0537x87485
c48a52c7-63a1-4ace-8f8b-a4c23daafad5,Amanda Jenkins,teresadixon@example.com,"64130 Kyle Island
Mullinsburgh, NY 01903",838-807-0025x2274
c2f32961-e57c-476a-95fd-06e0d3bc9c59,Robert Holt,jonathan54@example.org,"3387 Burton Creek Suite 926
Jamestown, SD 63542",+1-423-856-6253
5c1f1fdf-6f6f-4d29-a3b2-6ef23473a644,Heather Russell,scottbrooks@example.net,"151 Khan Fall
West Donnachester, MA 26476",001-715-436-5456
468d59a0-906b-46a7-aec9-34786ad6824b,Ashley Gibson,andrea67@example.org,"23436 Shah Tunnel
South Jeremy, UT 63876",869.619.4840x8289
d4b604ea-5ded-4934-82b3-346317471521,Christopher Garner,leestephen@example.net,"854 House Prairie Apt. 065
East Michael, DC 03712",(935)822-0267
f1092d9b-93f2-4b5f-b3a4-ef326c23bc36,Stephanie Flores,rmadden@example.com,"6057 Navarro Views
New Yvonne, VI 20900",487-697-4975x389
6820e799-bef9-44b7-966c-e376da135adc,Luis Webster,zcooper@example.org,"25670 Wells Fords Apt. 071
Hunterchester, MO 44580",318.869.3038
e256ea7d-1733-4fbd-9549-8d47d091f420,Lance Harvey,owilliams@example.net,"0957 Ashley Estate
North Debraberg, SD 94832",+1-286-587-2328x498
a2f00d0a-9be5-483d-bc53-e927b6278566,Cody Nelson,brianvillanueva@example.net,"455 David Valleys Suite 363
East Scottview, SC 21044",+1-906-949-2216x5108
563c00fc-64e8-4372-89dd-672d2f99d504,Gloria Hansen,tonyaprice@example.org,"140 Smith Loaf Apt. 303
Port Amanda, LA 06115",(922)227-4922
e7186d9e-912a-4eda-b522-56d99e030c45,Nathan Maxwell,ericsmith@example.com,"5629 Ruiz Tunnel Apt. 700
Charlesview, WV 41040",+1-437-990-2942x18376
5b094206-baf9-4357-bbf4-4d1fc424e007,Megan Burch,charles27@example.com,"37168 Turner Mews Apt. 343
Davisberg, KY 50562",8749779345
9a3b4ca8-695f-481e-9602-3ec75a08d65d,Patricia Ward,serranolaura@example.com,"9911 Brewer Extension Apt. 632
South Annette, OH 55196",+1-374-227-7180x135
655aa662-6fac-4b68-9399-d31de6e6e421,Denise Chen,mitchelldawn@example.net,"82144 Brooks Plaza Apt. 626
Hortonville, IL 01209",001-844-483-2753x9968
de828497-2e98-40f8-88c0-df0389936934,Terry Hunter,jhenderson@example.org,"480 Charles Viaduct
Lake Adamside, AK 71547",(731)476-3409
cfa81d08-7223-444c-9523-df99c800b392,Natalie Medina DDS,nhenry@example.net,"013 Cook Drive
Carrollfurt, PW 05372",541-256-1329
a852fc02-00ce-4aad-ac4f-fb3f5e1fe2fb,Alexis Moreno,kingalexandra@example.com,"USNS Adams
FPO AP 10156",437.315.5215
a016ce71-2144-4f6e-bb45-a9d2ac044976,Brenda Watkins,mooredebbie@example.org,"3951 Thornton Haven Apt. 984
Lake Matthew, IN 63180",(565)385-1972x5575
b4dbb2ca-bab8-4594-972a-4e81eeaeb27b,Alexander Ramirez,lwalker@example.net,"525 Lori Hollow
East Kathleentown, DC 55119",+1-929-700-5705x734
c95c143b-72fa-4d62-9c14-eb4b52e1aa5c,Roberto Smith,joshuacampbell@example.net,"Unit 4489 Box 0837
DPO AE 51898",605-529-9021x56868
7c41ec95-c83c-46f7-b7f2-de4fb4e179f1,Michelle Moore,michaela82@example.org,"90160 Ronnie Bypass
Lewistown, SD 43888",835.307.2435
439ad571-bcec-4b76-a1eb-0b94d431ed07,Kara Lin,lwright@example.net,"5601 Rivera Squares Suite 341
Hooverhaven, CO 14288",001-707-237-6476
0e061565-2cbc-42d5-8223-d52ccd855622,Sean Wheeler,bonnielewis@example.net,"780 Gary Lock Apt. 018
Lake Zachary, ND 43360",743.731.7997
57ddc069-67a2-477a-a81a-4582aa53b1a4,Colleen Wagner,andersonlaura@example.net,"655 Kimberly Manors
Walterville, AR 73519",+1-393-703-0000
36503b59-0bd4-47eb-9863-7d68d9050e74,Kyle Richmond,jonathanalexander@example.org,"05757 Williams Rue
Tinaton, NC 88043",(262)790-9829x2539
348dbb15-062d-469c-864b-5488fff985e1,Yolanda Mendez MD,pchambers@example.net,"1509 William Run
Lake Lindsay, MP 97115",(844)695-6511x04841
f9412077-07cc-44f8-800e-eb8a81ac119e,Deborah Doyle,isabella52@example.net,"5238 Carney Pike
Port Anthony, NJ 25356",873.469.3645x0974
a471d89d-b3c3-4bea-8df0-0b8d91c00e4d,Mark Murillo,garciacynthia@example.org,"1367 Clayton Islands Apt. 789
East Anna, NH 98318",+1-259-557-6788
72e3facc-3153-4591-bcfc-dbee9525a615,John Espinoza III,summermatthews@example.net,"3283 Dodson Mill
Johnsonstad, MP 86881",762-209-7993
f1148f79-053d-4555-a5f6-9a6a581e6dd7,Sherri Scott,sbrown@example.com,"1018 Gregory Stravenue
North Jasonland, NM 97638",606.988.2691x8072
15351631-48d2-48f8-8c87-f89d00ea7044,Sarah Alvarado,michaelorr@example.org,"62433 Joshua Extension
Lake Elizabethfurt, RI 79979",6037478111
a01c6648-7563-4eaf-9e43-a8adf06fbedb,Julie Short,rachel75@example.org,"6679 Mark Freeway
Russostad, SC 07598",779.960.7380x6579
ecd02973-2927-4c1d-ada6-f2117c12eb5d,Scott Glover,huffcarol@example.org,"54963 Brandi Streets
Torresburgh, AR 04274",(668)694-7615x975
23ab8a86-c98d-4d51-ad08-b8405fad7837,Christine Garner,dominguezjacob@example.com,"586 Garrett Parkways Suite 155
North Samanthastad, NH 13589",(571)509-1341
98be80c4-0ad1-477d-a7c6-b9c7d87d26e4,Robin Hawkins,robert23@example.org,"05994 Knight Way
Port Stevenfort, KY 66691",285.812.0987x62489
29ff9c1e-739d-45b1-bcbe-49bbb3f65dfb,Jimmy Moore DVM,bethhenderson@example.org,"58902 Adam Freeway Apt. 554
Ryanmouth, NC 67255",(664)691-4581x0192
e7599fd2-965f-4160-a281-4fb728e6e66c,Nicholas Casey,butlerjerome@example.com,"6958 Craig Via Suite 770
Geraldburgh, MO 15246",585.436.6529x8026
70b70fa6-b51b-4435-9783-15dcd8eb87a4,Michelle Robinson,markbrandt@example.org,"63848 Paul Crescent
New Michael, SD 61114",(640)473-1818
45b60fe3-69b4-463b-898e-85809284ee0e,Kenneth Thompson,guzmandavid@example.net,"688 Cordova Gateway
New Frankview, WA 52382",730-538-4948x940
4360a1d5-06b9-4267-9562-645e0b2d47c2,Tracey Robles,felicia38@example.com,"572 Rebecca Circle
Johnsonburgh, LA 86044",+1-407-737-5275x2389
525c7876-e6e0-4618-b42f-8fde6b789b12,Diana Eaton,lyork@example.org,"1694 Jimmy Islands
Stephaniehaven, RI 14510",001-537-681-6441x395
84bfc52f-43a6-4d6b-b634-97be1e6d9376,Christine Campbell,alejandraholt@example.org,"USCGC Brown
FPO AA 89122",436.395.9764
51544910-7fd9-445a-a11d-5a4ee8431f5e,David Martinez,nkennedy@example.com,"359 Ashley Turnpike
Jeremybury, CT 52571",+1-705-915-5734x083
c71bd512-e8e3-4b9c-b4bc-5991c8a9c363,James Myers,ewilliams@example.net,"23111 Carter Mountain Apt. 659
North Adamstad, WA 36418",202.666.9948x4436
b1cf04d5-ead5-43d9-8d0c-934875a3552c,Terry Wolfe,powelltyler@example.net,"118 Sanders Brook Apt. 376
Barnettside, MI 46239",+1-504-589-6436x480
d5c6922e-5b44-4b5a-84b2-743cdd56cc08,Jennifer Brown,donna93@example.net,"667 Smith Lodge Apt. 405
Garrettfort, WY 27024",(494)796-3779
9d1ef684-f3ee-432a-9d26-f332b9e21b02,Thomas Vincent,hberry@example.com,"1028 Lee Locks
Smithmouth, IA 32945",484.412.0246
fc3731c5-2d4d-4405-8ec3-b01d68ffa360,Brian Garcia,john41@example.org,"1309 Moses Orchard
Obrienfort, WV 65408",305.967.5119
2ef50c7e-c480-4597-9024-b0fa057bc47f,Deborah Pena,nathanpeterson@example.net,"49809 Washington Ridge Apt. 195
East Mark, LA 11455",402-387-6146x43164
3b5bd1df-6bf6-489f-a531-b9050115f0e8,Taylor Smith,mtaylor@example.com,"PSC 2157, Box 4814
APO AA 00766",4828201409
77893515-5b4c-4056-9b31-e3f6a0939e94,Paige Leonard,jonathanhill@example.org,"30525 Caitlin Overpass
South Brendaburgh, PW 02389",001-207-773-4663
d85ff2e3-4c62-470d-b2d6-ff071d62847c,Tyler Krause,carolyn38@example.org,"6742 Angela Skyway
East Robert, HI 57014",345.384.6069x74627
2326af0d-8262-4e1a-abb0-e533866a5f18,Charles Nguyen,kevin40@example.com,"USCGC Harvey
FPO AE 77082",+1-228-809-8254x1666
0465abfd-d4ce-4c80-80af-b47085ffc9f0,Justin Hogan,brian30@example.net,"97448 William Centers Apt. 145
Petersland, OR 43740",933-472-1463x154
baf933da-14c0-4eb5-bc60-7c03ae0a9912,Jose Brooks,thomaschavez@example.com,"7502 Lucas Isle Apt. 206
Lake Robertborough, PA 11102",775.804.2333x408
1754c21a-362b-484d-8f5e-f8b71be22171,Eddie Harris,jasminejones@example.com,"092 Davis Courts Apt. 490
Lake Emilyport, NC 02393",376-203-5755
64f25a67-05f2-4f17-842d-a5daa7ee96ad,Jesse Sanders,thomasclark@example.org,"96032 Jeff Square
South Norma, IN 68033",486-596-1989x39436
5a789ef7-33bf-4a6f-bb4a-5a9657f5b880,Diana Rodriguez,zwatts@example.com,"Unit 2583 Box 6667
DPO AE 08038",356-400-5557
2f79b109-01aa-48bc-9152-bbd19f1698ee,Paula Hall,brownjoshua@example.com,"07357 Raymond Knoll
Lake Shaun, AZ 19949",3025827278
c2f12e43-95ce-408a-846d-16a670975a69,Brandon Watson,uphillips@example.com,"0465 Dakota Viaduct Suite 242
Port Stephen, LA 99919",3059105937
c991a489-a124-4061-bdd5-d4d76e4a97d7,Theodore Bradley,troydaniels@example.org,"22550 Brooke Camp
Port Trevorfort, UT 58812",278-299-1183
5473d84d-687c-42c8-8912-689256a0c49b,Willie Tran,wilsonelizabeth@example.org,"8461 John Brook
Goodmanberg, NJ 88191",244.553.8185
e9d042d1-9079-46c3-b6bc-631764b9962b,Michael Young,rsims@example.com,"921 Gray Roads
Lake Joshuaville, AS 53501",7369838976
9ab7a4c6-a542-4b1c-a1f1-f43b8963010a,Troy Wright,jonesemma@example.com,"9347 Fred Street Apt. 319
Port Luis, MP 34117",+1-623-334-7315
3ba09c1e-4cc6-4179-864b-e66c095a2141,Jason Newman,johnsonangela@example.net,"68699 Simpson Loaf Apt. 785
Simsfurt, VA 40290",+1-805-317-9707x30531
f1a6b264-350b-4568-b290-acea8d843e1a,Jamie Cruz,iwhite@example.org,"71521 Leon Via
Lake Amberhaven, NC 94408",9467999523
5256811d-9395-4efc-8d0f-e55d7d0da03b,Donna Sharp,operez@example.com,"65953 Yang Branch
West Michelle, TN 84918",+1-293-941-1110x043
0be4be7d-d516-450a-883b-8e5b5794d97a,Ryan Jones,danielnoble@example.net,"924 Stewart Rapids
Karenberg, GU 59440",001-713-545-3991
374a6e57-9279-4dee-aa13-8eb0f00a0e6c,Miranda White,natasha37@example.org,"09714 Robertson Forks
New Rachel, MN 10872",506.871.3912
d5a25d86-1fa0-4425-9db2-a28c00f5b283,Bradley Yu,cmeza@example.org,"7258 Ross Village
Port Jonathanville, NV 79350",940-357-4735x100
efb6a765-4266-4724-9689-ef84057a03a1,Jerry Jones,frank04@example.org,"382 Patricia Vista Apt. 960
North Lisa, SC 39908",516-671-6977
44be8156-95e5-48a9-b193-431c48042a63,George Gonzalez,kenneth47@example.org,"565 Adrienne Mission
South Erica, AK 57699",+1-616-448-5685x3953
d48d6514-9de3-440e-81f3-310d8a6f7902,Blake Ferguson,taylorjeremy@example.org,"694 Mcclain Center Apt. 844
Aguilarfurt, OH 90404",(856)389-8582
9390695b-659d-46e9-a3e0-383b25b77e72,Scott Robbins,dflowers@example.com,"558 Dawn Shores
South Mauriceton, PR 94316",(475)437-7314
12f86e63-92a2-42be-b059-0cdc0b28b098,Michele Sanchez,mcdanielsteven@example.com,"47731 Gavin Mill Suite 388
Lake Patrick, GA 78093",949-939-8414x3241
07ed50ed-cc67-428c-935a-454a65afffed,Elizabeth Hays,diana37@example.com,"418 William Station
Lake Michael, IL 95551",922.512.9562x068
220e8617-ad3a-488e-9221-3dcedd25132d,Daniel Arnold MD,fwatson@example.org,"2524 Chavez Keys Suite 831
New Maureentown, NE 39220",001-229-694-9756x686
bee550f2-1955-409a-9799-067a9b61d5a4,Jon Fisher,caldwellrachel@example.net,"05955 Pitts Points
South Carl, WA 50012",(852)915-6589x2476
fd03e3cf-8aaf-4642-a24d-b800322f1410,Derrick Freeman,thomascrane@example.com,"351 Woods Shoal Suite 837
Erictown, NH 98317",729-989-7353x45500
94610171-c88f-42cb-827b-cf946a8a41e7,Brenda Weber,timothy58@example.com,"4905 Williams Cove Suite 890
Diazchester, WY 69122",(864)215-3661x42577
7fac9f3f-48fb-462f-ad7f-e1f50a4d9043,Mrs. Jenna Brock,osharp@example.net,"0833 Charles Union Suite 955
New Erica, NH 01715",253.681.6795x0699
1d659f89-38e0-4cbf-8bc4-a5f6b4ba0d8a,Jennifer Gonzalez,kaylabrooks@example.org,"USS Combs
FPO AA 88085",917.475.3002
a984d6c4-fdea-41dd-8fef-c8cb404efd8e,Thomas Gonzalez,patricia99@example.com,"734 Frey Row
Skinnerville, MT 32806",400.742.5575x84097
f64aa1dc-b51e-47dd-b114-01093305f2cf,Michelle Rogers,ruth63@example.org,"794 Austin Bypass
New James, VT 97364",(829)683-1852x2754
0de769fd-a143-417b-8c27-4b1fd7ab7d13,Stephen Barton,jorge66@example.com,"PSC 5132, Box 3763
APO AE 68368",887-992-6359x940
6c1daef1-707d-4112-83b0-4ffba16c411d,Eric Hernandez,cindy61@example.net,"59120 Robinson Plaza Suite 747
Amandatown, PR 51810",608-971-3776
0be44960-f27a-4d9a-ba0e-b317207e6cc7,Catherine Shea,richard86@example.com,"95379 Graham Junction Suite 974
Garciaville, MD 80426",001-689-547-6895x092
4bf92503-c7c4-435c-9af8-ff6d040d672e,Jeremy Norris,douglaskrause@example.com,"19866 Thompson Ports Apt. 069
West Karen, IA 01218",455.825.0146
a5de65db-6b19-4358-9015-302e54bb6c23,Karen Combs,ruth77@example.org,"6483 Alyssa Mews Suite 491
North Cheryl, CA 03159",463-249-3686x802
fafe4ebf-19d1-4d87-a08a-276444a4cbaa,Melissa Brown,matthew39@example.net,"783 Sanchez Islands Suite 194
Kruegerland, GU 68191",001-937-298-7912
d2a5101c-ff21-4390-839c-ea4d3146f627,Ruth Chandler,ohatfield@example.org,"86864 Sara Extensions
Thompsonview, MA 19024",9366577539
322565d7-9706-4f23-8954-6523edf206d4,Eric Guerrero,greenjeffery@example.com,"Unit 7286 Box 2947
DPO AP 95931",+1-853-576-2494x2730
17194599-5447-48ef-b583-07d58ec1d56a,Jason Robinson,nicholassmith@example.net,"029 Glover Row Apt. 537
Heatherport, OK 64499",+1-762-214-0200
a59057a8-8fcd-4643-a096-040d125de0c6,Michael Adams,longjesus@example.net,"85916 Cain Walk Apt. 413
North Jacobville, OK 99462",(487)360-1187
bb011762-261c-4f9e-a857-82d6cdecd928,Aaron Wood,kathleen91@example.org,"045 April Manor
East Donnahaven, PR 66999",561.625.5438x1266
e1c2a899-5766-490d-8586-c19bccad42d1,Calvin Mcgee,rhodesjimmy@example.org,"888 Whitehead Inlet Suite 515
North Juanbury, RI 47240",900.912.2456x859
af2173a6-17b3-40cd-b98d-17d84f986eff,Carlos Sawyer,panderson@example.net,"5551 Michael Rapids
Josechester, WA 97827",(718)266-0557x2114
ce746e98-dac3-4f11-b7d9-7080162e51cb,Chase Davis,rebeccashort@example.org,"USNV Mays
FPO AP 15231",265.239.6535x87620
0fb10838-aba2-4a4a-b9ad-9333ba381317,Kristen Johnson,vjames@example.com,"9438 Brown Islands
Grahamfort, MA 58432",+1-763-453-9009x865
371c750a-2519-4f33-82c0-208c84cf6b84,Andrew Griffin,dhoward@example.net,"5391 Wells Inlet
Campbellshire, WA 77553",866-261-9663
174d76fd-2eb4-4d8a-8095-c783bc137a3b,Dawn Howard,emontgomery@example.com,"368 Cristina Wall
Dennismouth, CO 10367",(394)346-3609x98029
16a63997-e7ff-448d-94eb-9c9bafb4be7b,Tanner Rojas,tonirodriguez@example.org,"104 Newton Summit Suite 256
East Dustin, OH 75504",+1-651-508-4177x014
4bbc5660-606a-42e2-94c5-4ebad75090ab,Darrell Pope,johnathanleach@example.com,"USS Powell
FPO AA 03707",(909)934-9301x03830
50b38ecd-b67a-4378-ac20-e9a5cc8104b1,Laura Russell,johnsbarbara@example.org,"84798 Schmidt Ridges
South Christyville, KY 50628",(214)820-5534x28161
b5920849-4fc5-465e-90b1-c6a5ecade63e,Linda Hicks,linda82@example.org,"2180 Joseph Lodge Suite 014
Estradamouth, CA 09946",466.635.4848
7897f4ed-a0c9-4388-bcb3-a125623e32c8,Cheryl Colon,mathisadrian@example.com,"526 Kristi Hill
Vazquezmouth, MO 92353",(896)389-2458x46509
80d0ad86-c94c-4d50-b835-6f17d4f8a8db,Jennifer Hunter,hwalker@example.net,"297 Mccormick Stravenue Suite 583
Conleyport, CA 53120",(414)275-1741x74728
142ac299-6853-4b78-b12b-25a18fde895c,Renee Raymond,shawnhudson@example.com,"8523 Benjamin Fall Apt. 638
North Noahfurt, WY 52732",598.240.3622x0002
5519f5f1-69dd-4622-844e-a36a33e7af98,Katelyn Price,zmoore@example.net,"138 Joshua Curve
Andersonborough, VI 17644",781.864.8057x8176
33344fea-ad9d-45d2-a499-3e9f714dc2e8,Daniel Fields,elizabeth54@example.net,"76067 Matthew Trail Apt. 740
Lake Catherinemouth, PW 32698",531.855.9008x3741
d0ab1ee2-66da-4c46-90af-67db3fe59b2e,Mr. Mark Kennedy,cameron86@example.org,"0388 Haas Plains
Lake Jillville, NH 72616",+1-823-810-4784x20327
d2d7071f-7151-41b2-adf3-23f4043abc53,Jason Miller,jenniferelliott@example.org,"11510 Austin Radial Suite 588
Aguirrefurt, MA 27446",001-434-222-7917x04359
71fc7979-1d6f-4ac3-9bab-19fda08ed33e,Ruben Bowers,alexwhite@example.org,"89878 Michael Station
East James, OK 62522",001-446-457-1397
e551c9a8-ef28-4f18-b8b5-f058f7c8e4f5,Michael Dominguez,caseyanderson@example.org,"3254 Miller Shores Apt. 072
South Victoriaview, PA 30165",6892409175
e66b95dd-4a59-49dd-b952-a4945e970b69,Bethany Gonzales,michaelrodriguez@example.com,"3538 Angela Crescent
Khanburgh, LA 22470",001-593-908-9769x610
9cda6078-89f4-4079-ac2e-361ee34affd8,Jeffery Cervantes,john55@example.org,"605 Andrew Shores Apt. 449
Kennethmouth, ID 97123",649-316-1043
530d6c74-4163-4522-9cb6-5e7ac817bacb,Kimberly Kennedy,esmith@example.net,"598 Mark Hills
Bethanyland, PA 09061",001-263-877-6605
9f0e1309-4337-4df1-aba9-361315d014ca,Betty Gallagher,austinnicole@example.com,"55575 Jeffrey Walks
West Carolyntown, PR 98096",001-262-627-0565x513
a9ddbb27-7756-46a3-9673-1d3d5d68148e,Stephen Robinson,moranerin@example.com,"6012 Ross Landing
East Jessicabury, NJ 73399",808.804.8540x84219
15f5cf83-8e2c-4509-96bf-5a6377792849,Phillip Brown,donaldherrera@example.com,"25368 Morgan Landing Apt. 869
Brittanyside, MI 69407",+1-776-868-7622
f5e531b2-7fa8-4736-b274-25cc8b8b2b9e,Jeffrey Wright,vazquezrobert@example.org,"9720 Andrew Path
Rodriguezshire, NC 52740",962-547-8737x4610
1bd124a7-e2c2-4b69-bf57-9ae7ac0dad25,Marcus Romero,mayeralan@example.net,"74946 Rodriguez Brooks
Meyerstown, NC 55192",001-568-604-4567x385
f8aafbff-6551-46e6-a84d-3e307af3608d,Katherine Flowers,davidpena@example.net,"3918 Rice Lake
Brentborough, MI 41385",+1-333-497-5611x3170
de506c21-3491-4756-a676-3975a65d9fe3,Joshua Shelton,gnelson@example.net,"450 Corey Summit
Monicaborough, MO 37877",(290)611-1221x2049
4cadc298-558a-4407-b3ff-d906ddcab344,Aaron Murray,ronald19@example.com,"1837 Ebony Light Suite 246
Baldwinmouth, KY 75126",(940)495-2888
07b4cff7-8b99-4ea3-89e8-62e286cc219a,Michelle Bradley,diazsylvia@example.org,"3225 Brian Common
West Stacey, AZ 45126",(379)595-0550
634e49f4-f527-4e7f-b1a7-2963800bd180,Antonio Allison,charles34@example.com,"59320 Brad Via Suite 500
Josephbury, MS 02455",+1-208-933-5806x86061
03c38b4b-c895-484c-b9a8-7fd2690f20b3,Deborah Weaver,cruzelizabeth@example.org,"PSC 9618, Box 5201
APO AP 81389",+1-943-675-2842x01439
6a705613-cc9b-44a3-9405-7549055390e5,Brian Martinez,jasmine89@example.org,"2709 Davidson Mission Suite 043
New Mark, AL 81430",+1-642-796-0110x35149
dea4f687-7321-4fce-ba94-e34953df4db0,Ricky Clark,schmidtanna@example.org,"9373 Romero Point Apt. 217
New Patricia, MD 07066",554-877-4133
a0bd3d40-776f-49c7-93d3-a76a169d3afc,Johnathan Salazar,melissathomas@example.net,"80455 Robert Street
North Nathanbury, TN 26122",+1-641-203-1155x56737
d2e14f6f-2e4a-40c8-acce-b77741d51e82,Megan Stone,jerry44@example.org,"0091 Glover Cove
Samuelhaven, RI 93178",(907)685-6264x72648
cbaa2b16-ee78-48da-a3f1-bddb17ac28ae,Darrell Matthews,jason32@example.com,"6218 Padilla Junction
Blankenshipside, IN 58696",880.520.1720x161
19f50f01-7af1-48e8-9474-548d6103d426,Carla Erickson,erichoffman@example.org,"5566 Calvin Center
North Gregoryfurt, MA 39733",4478300121
7bbba92f-6a6a-49e9-86af-96a14465bac3,David Rich,adammendez@example.org,"PSC 8664, Box 0083
APO AA 01224",370.281.1615
bc6ff9ef-f3a7-4e1e-a569-6c20fa223350,William Raymond,melanieclark@example.net,"792 Curry Lane Suite 995
South Brandonburgh, PA 58850",900-980-1495x5481
f6d66d0a-8ce3-48d5-986f-0e0c01c1269d,William Salinas,orozcocharles@example.net,"91829 May Street
Rodgersside, DC 11084",555-247-6420x278
5b7af309-27bb-46bb-8911-f5c1f2adf04f,Debra Wright,miayork@example.com,"Unit 4558 Box 7578
DPO AA 67282",726-644-6736
5106311f-a916-474f-a55c-2dba14e3865a,Karen Stewart,hickmanjohn@example.net,"9089 Robert Pine Apt. 602
East Rebeccafort, HI 04683",(851)828-9619x66609
50c6a8da-610e-4373-b66a-c1a1939dfad3,Hannah Clark,rrollins@example.net,"7572 David Passage
Lake James, AZ 56522",(564)551-2921x01973
d7269e51-fec4-4ff6-ac7a-e42500517414,Samuel Thomas,kelly82@example.org,"6625 Morales Highway
East Debbie, MP 75605",(521)467-3831x6329
01cca82f-c06d-4b35-b813-4e9825e59384,Brian Pena,martinsean@example.net,"298 Todd Trace
Vincentland, GU 62965",292.901.5428x1726
c8563833-ddab-48ff-a5bd-960f9a2a07c6,Lori Thomas,cassandra47@example.com,"64034 Arthur Pass
New Monique, IN 39933",969-220-2611
1d8112a4-af20-4eda-91b2-96e6d20c13bd,Amy Miller,daviesbrian@example.net,"837 Tyler Tunnel Suite 988
Port Jason, NC 28442",810-460-8909x312
d2b5fced-f186-4e43-a489-167539e461e9,Johnathan Henry,jessicabrown@example.org,"75427 Amanda Spurs Suite 343
Ellisberg, GU 56645",3232070811
62aae8c3-c2f5-41aa-9283-0c1645e67970,Tracy Wilson,raydavid@example.org,"260 Guerrero Manors Suite 434
New William, IA 81674",240.743.7219x97956
003bc8f1-9197-4338-a398-e7e962f6df7e,Nicholas Watkins,timothy18@example.net,"5608 Dudley Burgs
Lake Teresa, NC 62374",(689)458-2021
9cec2e5d-a33e-44a0-b4b3-1a00915a97c9,Marcus Robinson,moralesmarissa@example.net,"952 Deborah Vista
New Jacobchester, AL 24312",789-580-2344
39532d82-06f0-44f1-b729-247db1f780c5,Brenda Hernandez,jnicholson@example.com,"02045 Eric Mount Suite 557
Lake Cathyville, KY 31859",817.503.0461x385
94796dde-5874-4dbb-bff5-7d676273477f,Collin Moore,jonathan03@example.com,"61583 Theresa Greens
Donnaton, MA 62711",001-973-768-5225x239
f60b0722-5666-47ff-a412-2488d00d140b,Shawn Morris,davidpayne@example.com,"7949 Thompson Shoals
North Meganside, VI 22453",(828)464-9018x74369
1f9beabe-04c2-4350-8e97-b0884364b8f0,Jeanne Hicks,douglaswilliam@example.com,"65630 Ford Wall
South Amanda, SC 26168",520.283.5801x53307
77929614-4094-4585-b87e-6d283d09e935,Joseph Perez,robertbrown@example.net,"3787 Lee Tunnel
East Brittany, GA 28809",+1-398-890-5054x37992
7eb34788-5aff-4d11-9d60-7bb921fda4d7,Rebecca Barnes,milesjoshua@example.net,"938 Lee Tunnel
Gentrytown, OK 72166",+1-947-672-0624x0799
8b93f048-fa5d-4dba-bf18-cb46b15a0b01,Jeremiah Gonzalez,gmitchell@example.com,"2639 Martinez Ports Suite 278
Rachelport, AS 84300",(560)701-5204
6d344cbf-9e0a-4634-8a01-3a4c5b8b5e59,James Nguyen,jason37@example.org,"071 Bryan Canyon
North Kenneth, VT 90361",(249)421-3567x6396
cb2374fd-8c72-455b-94da-973a7c1a68da,Victor Lewis,amerritt@example.org,"7266 Mike Prairie
New Michael, ND 31901",438-498-0728
fb3d7669-05cd-4c86-a959-d09a991b6b3c,Adam Roberts,vgreen@example.net,"53704 Collins Unions Apt. 443
Cynthiafort, WI 57466",8167810845
1fa41572-9093-4bf9-8e2e-e13e13e34695,Kenneth Jones,josephwhite@example.com,"60051 Allen Mountains
Davidfort, WV 87068",(443)318-4035x08846
a54c88a9-eb7b-445e-bc1c-298227724bee,Antonio Fischer,patricknicholas@example.net,"0900 Frazier Motorway
Lake Nathaniel, AR 27244",001-224-536-7965x5572
81330cec-1045-41bb-bce0-27f791f4cff3,Lisa Gomez,ericromero@example.org,"95695 Robles Prairie Apt. 966
Hallville, WY 23906",242-371-3549x2059
ebd2acbe-35b6-4f90-89f0-4f9d605e683e,Stephanie Burke,phubbard@example.net,"8127 Cheryl Centers
Christensenville, NE 68016",412.719.4980x806
e0165ebb-3aed-4f40-928b-cea2adcdc884,Elizabeth Clark,hodgesrobert@example.com,"8161 Victoria Meadows Suite 573
Port Nicolebury, OH 45032",406.564.1397
13358997-6c3d-4030-9ea9-7e9f6463f201,Luis Bender,jacksoncindy@example.com,"4950 Forbes Key
Quinnburgh, TX 94048",+1-433-789-4988x882
430c610b-ffbc-4943-974f-4bae1c9cfa52,Russell Gregory,harperjames@example.com,"2530 Jason Hill Apt. 974
Port Michael, KY 42334",3967359282
c8d8937f-47ae-4776-99f8-95af39576e87,Janice Carter,millerrebecca@example.net,"363 Timothy Lodge
East James, MT 94083",6245377277
a40ee747-5e18-4d7e-aad6-7ee796b43f83,Joseph Strickland,hramos@example.net,"514 Ferguson Trail
North Tanyaside, AL 81623",001-808-794-1530x788
c1820e1b-2690-455f-9ff0-b506adad7118,Joseph Becker,nelsontaylor@example.net,"496 Mcfarland Course Apt. 271
East Jesse, PA 57076",380-372-2017x0864
f5e62c55-fbbf-4ed3-ae65-5b5b13ad8045,Annette Kim,dgrimes@example.org,"525 Richardson Station
New Rachel, MT 35036",505.764.3984x8006
e684d7b7-4982-4f60-99fc-e09835437463,Jennifer Smith,taraolson@example.net,"912 Daniels Road Suite 970
West Abigailberg, NY 51344",327.682.4899x43521
a557c84c-68f3-4ee3-8e1b-cf91cfd04b5d,John Huffman,olivia60@example.org,"9144 Pitts Estate
Deanport, CO 47557",+1-793-821-5894x52929
ee9ed737-a979-4182-9674-6065cf689ac2,Penny Salinas,connorcollins@example.net,"3043 Hampton Brook
Lake Carlosview, NM 15930",(745)507-6803x416
f0b5f585-aeff-40d0-a974-aa012fabb292,Sarah Johnson,mark22@example.org,"77290 Amy Road
Sanchezton, CO 68025",692-290-9492x735
2af1ae8e-11e8-47e7-b380-2d79de0d3e83,Raven Lynch,zmullins@example.net,"0062 Ramirez Parks
Sethborough, NE 40865",+1-639-454-2690x146
c8db0f27-c70d-4212-8c71-46f3dde9c249,Christina Joseph,brendareilly@example.com,"69692 Danny Way Apt. 706
Zacharyside, AR 89468",+1-871-415-4051x41464
61fb2344-966d-45af-8090-19034cc120a9,Amanda Miller,johnsims@example.com,"7689 Hudson Mountain Suite 961
Jerryfurt, CA 31901",(770)384-1692x21100
94f23920-87d3-42d6-9310-124a04fe800d,Samantha Kane,swhite@example.net,"13303 Pierce Crossing Suite 333
South Michaelfurt, NM 83112",001-436-779-6721x19158
ea47b5e3-72f9-4c76-a5b1-ab2096d1c6e3,Gabrielle Mendoza,joshua40@example.net,"8896 Nicholas Loaf Suite 373
Hoganfurt, AK 06893",+1-326-950-2260x90036
dc6d0b33-39cd-4824-a3b5-eebcbdaf3e21,James Ellison IV,michellewallace@example.org,"969 Davis Garden Apt. 981
East Matthew, GA 94528",001-585-693-3298x27947
2e12b56b-c0a3-4207-bc58-c4c946debdaf,Chris Burnett,wanda22@example.net,"931 Craig Wall
West Waltertown, CT 05824",(578)859-8342
c1848302-dd88-4b24-b82e-2385571ad9c3,Kimberly Sexton,karen89@example.com,"4240 Mark Street Suite 903
Kelleyville, AS 12382",(748)412-6545x74259
e7eaf1eb-e14a-4d3b-874f-76072fa65d4a,Jessica Perez,rwells@example.org,"804 Albert Island Suite 704
Browningland, MT 09065",001-620-684-9314
a58da7af-0a2e-4dbc-bbcc-fdd366199b45,Luis Carlson,jennifer44@example.com,"40243 Blake Ranch Suite 435
North Terry, MN 39627",(747)433-1132x72175
05f244cb-d418-4ba9-8c3e-75534789461d,Aaron Hernandez Jr.,jmccarthy@example.org,"450 Roberts Ramp Apt. 091
Frankburgh, AS 51737",236.973.6578x56313
a902f7aa-2155-4742-bead-d6d8c1c75189,Richard Weaver,charles38@example.net,"12443 Holloway Ville Suite 232
North Donald, NV 41816",259-248-4729
0652693a-eb60-48fc-9e8d-b3a8dff6f064,Susan Thomas,coleadrienne@example.net,"36282 Bentley Loop
Parkville, RI 10538",(737)402-5992x06965
f270b708-4a0c-49ce-8a00-2b72f38e68b3,Samantha Rosales,fthompson@example.com,"1936 Andres Landing
West Michelle, PA 46149",749-244-2917x954
9cd3e6b8-601c-49c6-91a2-3cad3737db84,Norma Russo,patriciajohnson@example.com,"Unit 5747 Box 0412
DPO AE 46322",434.597.4395
20a94e46-e0b5-4019-99e4-4c6a9aaf77dd,Samuel Campbell,jonesmadison@example.org,"766 Moon Street Apt. 060
Amberborough, MP 12782",882.644.8250x4623
467893f0-092b-4658-a9d2-dc672c271886,Brittany Garcia,phillipssandra@example.net,"654 Juan Roads Suite 759
Angelashire, ND 06129",512-231-6650x025
451c7d29-2c0b-47ba-ac93-179a91f2cd4d,Taylor Garza,tammy52@example.com,"107 Susan Drive Suite 636
Kennedyport, MT 99670",+1-254-525-0101x7102
194b8fbd-e9a0-4d28-a719-85613ce33b85,Mikayla Cuevas,carriearroyo@example.org,"78617 Howe Harbor
Joshuaborough, GA 10210",001-299-605-6643x98360
e92c3cac-028a-4a67-8f37-37202e9279f1,Deborah Murphy,kellie10@example.net,"527 Davis Club
Brooksberg, AZ 18007",001-647-334-4817
78de5029-5c00-4f47-9a5a-ebc309f1e625,Darryl Smith,ocampbell@example.net,"PSC 0083, Box 6869
APO AP 35933",6159192263
7db4ec65-e65c-4a64-a7c6-b7a846679412,Jordan Holland,brianalvarado@example.net,"18276 Rodriguez Extensions Suite 910
Erinshire, RI 61019",001-486-470-6832x7329
3df0eb00-5636-4f9d-b9c6-f1ad4cc54679,Thomas Rivas,mcclurederek@example.net,"0734 Nguyen Ports
South Madisontown, MP 92925",458.483.9308x86479
7924a2bf-9daa-4709-b6ba-3700526020bb,Mrs. Lisa Sosa DVM,tgardner@example.com,"11383 Jeffery Creek Suite 076
Lake Gregory, PW 46341",3933441478
76be2c6c-ba96-4962-8d67-c12fe463c320,Erica Hardy,ugreene@example.org,"389 Carrie Prairie
West Aprilton, AR 72389",+1-233-510-9561x45407
c3992004-424c-43e7-b0b0-9420873971f6,Whitney Anderson,flewis@example.net,"585 Thornton Knolls
Wrightport, OR 46247",959.604.1204
71a6b8b9-c320-4185-bfb4-bf785fcbf68e,Jackson Coleman,scott45@example.com,"9083 Joanna Meadows
Ethanhaven, AR 13082",369.922.0974
5818a706-958f-457d-b06f-be8d2bc10440,Matthew Simpson,batesashley@example.org,"4198 Contreras Creek
New Joseview, OK 82213",271-781-5524
621488a4-35bc-4316-abad-f041113620b0,Javier Stone,lacey47@example.net,"28047 James Lake
Steinhaven, ND 94577",001-216-859-0965x172
574afb56-7766-44ef-aa19-c6227e9ce0e9,Andrew Glover,charles72@example.net,"27202 Terri Lock
North Royfurt, WA 12935",(447)295-1240x686
2b8b7b97-5f03-46d5-8b00-574c6b57ce50,Danny Crane DDS,bfernandez@example.org,"206 Ferguson Lake Apt. 854
New Thomasfort, DC 69037",+1-389-265-5912
21c808f4-b803-4a9f-b840-b7bd77c83c60,Bobby Montgomery,jschmidt@example.com,"06003 Sophia Stravenue
Hardingmouth, MA 24108",738-759-1800
beb211e9-028d-4dd4-bc65-f194f81bd7f6,Chelsea Reeves,tylervillanueva@example.org,"84950 Harding Hill
Charleneville, SD 85239",(976)942-4256x5009
4a55e329-495f-466c-9743-4be0d4c97d4a,Pamela Golden,rsmith@example.net,"92049 Michael Wells Suite 921
Edwardsburgh, AR 55538",780-869-2691
b5697c1f-cd66-4175-863e-8a44922a2d3f,Wesley Nelson,jason69@example.com,"USS Anderson
FPO AP 77890",(903)868-5685x593
7cbd902c-2da9-449b-a54b-ad34ea54ec74,Melanie Davis,leeolivia@example.net,"176 Michael Junctions Apt. 050
North Lisa, MH 14378",001-491-417-6260x447
60f7673e-16d3-4eac-acfc-86c3f7b70640,Tom Hernandez,torresmichelle@example.com,"348 Kathryn Drive
Port Dustin, IN 14910",9134387069
25b18fb7-b530-483f-8524-5a8c54328e5f,Arthur Oconnell,tara94@example.com,"832 Gray Fork Apt. 098
New Andres, KS 47768",001-371-771-5670x384
1b469d3f-0cb8-4207-8a25-8febbae444a5,Brian Ramirez,bhicks@example.org,"875 Chelsea Overpass
Thomasland, CA 84607",001-907-617-6477x1258
4a4db5e1-7960-4a78-9875-7eb7638a644c,Tina Velez,dunnbilly@example.com,"5902 Daniel Hills Suite 929
Thomaston, WA 65474",(462)693-0038
1798a239-51a7-4d21-a175-4656cfc0c0ab,Jesse Park,joseph05@example.org,"910 Valdez Mall Suite 876
East Tyler, MO 04612",(521)485-7209
b5b9d3db-d148-4c41-af35-4193583874e7,Scott Burke,robert23@example.org,"1183 Michael Springs
Ericbury, MI 98272",+1-806-757-5346
76e188b0-90ed-446a-84be-c07e818d5480,Tonya Newman,sherryjackson@example.com,"778 Benjamin Terrace Apt. 658
South Leslieland, CO 57735",+1-342-271-3269x38651
6af04cd4-63d8-40ee-9a80-c125c58fdf5a,Kimberly Watson,william67@example.net,"6992 Cohen Fall
North Janice, TN 33506",347-206-0614
5844a52c-09de-415e-9ce5-ef56b6c0636f,Christina Burton,smithsamantha@example.net,"PSC 5741, Box 1220
APO AP 44159",001-737-296-2338
bea1fd57-238e-4e02-85aa-35408da508fd,Miguel Jones,chad76@example.net,"12919 Robert Causeway
Matthewbury, AL 19557",378-634-2418x02229
c1fc3658-7070-4f74-97ee-d2b657bb3f7a,Laura Torres,mackdonald@example.net,"85183 Melanie Rapid
Port William, WA 52753",(586)782-7451
adaefd38-c37e-4d5e-9189-99c2bf822380,Kevin Harrington,jennifermclean@example.org,"496 Amanda Port
West Leahhaven, VI 26377",001-539-898-5264x30168
ed4e233c-ab9f-4603-badf-0d19eb8af9fb,Daniel Davis,holly96@example.net,"0351 Love Walk Apt. 870
North Juliebury, MH 89544",976.361.9267x624
d0e28cfc-2efa-4ccf-a8d7-be67be313a34,Sean Dominguez,michael61@example.net,"21684 Alan Loaf Apt. 891
Smithhaven, MT 51320",890.221.5444x4103
5b14db34-4580-4e43-825e-5c776ea69eae,Roberto Morris,imiller@example.org,"1277 Becker Harbors
Leslieside, WA 41848",6778237934
28961e4e-9cc2-4f32-a015-fba978b54b20,John Gibbs,daniel00@example.net,"720 Jenny Forest
Harrellborough, MT 39991",283.466.2582x987
d1c731da-8cb1-4c25-bc81-45d505c1639e,Dakota Boone,ariana54@example.org,"7460 Jackson Parks Apt. 382
South Richard, AZ 87958",(619)406-5899x16107
8204adf2-d359-4a93-9cf9-44960803f850,Cody Young,mcmillandaniel@example.net,"984 Christopher Mall Apt. 988
South Barbara, UT 97563",001-451-386-1997
9d59c4b3-d1b7-4668-9f84-151c70f8237e,Albert Miller,rebeccajackson@example.net,"758 Ortiz Turnpike
North Eric, ME 68248",286-223-5001
38a47fdd-b3e9-4b44-97c1-7060b8ee35c3,Andrea Ford,tuckerjamie@example.com,"215 Jordan Spring
Cassiehaven, AZ 34868",551.872.9301x0158
ea2059bc-43e4-4ebe-8bd0-db5310f720f3,Darren Blanchard,kingtraci@example.org,"82662 Holmes Lock Suite 937
New Brooke, NV 81523",7866860973
de89e56a-ca22-459f-90bf-58ea52436c98,Cody Thomas,brettpatton@example.com,"334 House Estate Suite 828
Edwardside, MT 65311",+1-246-823-7568x9367
9d01286b-02a8-4eca-8ff3-157312ea12cd,Anthony Reyes,gstevens@example.com,"6052 Durham Camp
Espinozatown, MI 47289",(297)604-7850
b79f71b6-13a6-455c-bf32-19608ccf34e4,Ross Jackson,hansenapril@example.com,"USNV Stevens
FPO AA 19384",001-991-905-9265x19685
48b830c0-a228-4b01-9633-7de013df5430,Dennis Jones,grahamthomas@example.com,"3470 Williams Light
West Mary, NH 44455",523.315.4106x642
53bf1125-337e-4a6e-a71d-dff0696fa0c8,Michael Brewer,tduncan@example.org,"242 Julie Plains
Port Evan, WA 36979",001-314-834-9307x5432
279aac60-7cf3-429d-803a-114002080657,Terry Rogers,ipearson@example.org,"65014 Hernandez Squares
Caitlinland, NC 66920",+1-580-234-4452x00486
703d3c50-5ba7-467b-9557-98515bd48916,Jose Singleton,andreajohnson@example.com,"1222 Brown Common Apt. 323
South Tony, WI 95434",+1-544-490-5449x8213
d8097264-fcb8-4e21-9273-0a3fd8c55284,Christopher Perez,natalie01@example.com,"76947 Victor Rapid Apt. 740
South Linda, MN 08350",001-754-730-5612x7929
ef34d758-a7c0-4af3-8436-9aaf002ca3f9,Joseph Green,matthew24@example.org,"099 Juan Viaduct
Timothystad, LA 85305",6288375319
f4182de1-7510-4909-9fcd-a4dcf0a838f6,Robert Logan Jr.,gregory67@example.net,"5748 Debra Junctions
Port Nicole, CT 78954",(640)807-8171
89df3a37-8414-4091-9674-8ac3f3cc1e4f,Jason Moreno,kpierce@example.com,"827 Jacob Ranch
North Robinton, RI 44037",4964997998
70318a9d-57fa-4e5f-831b-c65730246206,Karen Webb,amanda09@example.com,"Unit 8915 Box 7370
DPO AE 04288",001-224-316-5011x275
b667e91a-ab27-4584-8c1e-9edae7061cbf,Jessica Manning,gwilson@example.net,"Unit 0600 Box 1998
DPO AA 92347",7007668985
64190228-ca32-4f1c-9dc0-e19f7676123f,Amy Cunningham,watkinsdavid@example.com,"8506 Smith Wall
New Anthony, WI 90466",840.694.4655
04578d3f-faea-4aea-acd9-9be539fe90c4,Daniel Alvarez,moorevictoria@example.org,"971 Villa Stravenue
Port Marybury, AK 25806",7514106580
00a83405-0b74-462d-a008-e0cb3551f1a4,Gail Jones,nramos@example.org,"8912 Craig Knolls
Garciaview, NJ 74194",(976)244-2018x9283
333d1229-0b30-4d62-bcb5-ed7647ffd70b,Lance Chambers,mossmarvin@example.com,"PSC 3133, Box 1231
APO AP 37989",850-421-6563x25335
43bee89c-2e18-4b77-9967-c8dda134caf9,Alexander Friedman,jorge18@example.com,"757 Michelle Rest Apt. 321
East Jodichester, CA 16689",+1-954-938-0412
34105de0-bf0f-468c-a4df-9135e91e10c5,Jose Wang,tiffany72@example.net,"641 Curry Mill
Mooremouth, VT 13910",468.458.7371
f10a1952-1806-4719-9683-2b849b6e7744,Nicole Kennedy,linda01@example.org,"901 Hines Prairie Suite 236
West Jason, VT 53996",590-647-8427x1508
e32927a0-5ca8-4376-af89-35d36dce7cdf,Beth Mosley,taylorgreen@example.org,"064 Bradley Spur
New Jessicatown, AR 07397",001-254-779-7796x3128
b228f3b7-bb11-4e34-a087-6dfd5de05dae,Sean Ayers,portermelissa@example.org,"54414 Thomas Union
Lake Kimberly, OR 69459",3143407307
9e46aec4-2e27-418f-9952-f0cf20c8f2bd,Douglas Little,sheilamoore@example.org,"9433 Lozano Stravenue
North Matthewshire, OR 31059",(427)881-7987x85816
e291bc2f-bc6b-41a7-8850-03853e528fe1,Kim Wallace,marcusrichardson@example.net,"35038 Ronald Trail
Meganchester, PA 02531",(759)601-4903
ac8112fc-89c0-4b0f-8752-b22ecbd50cbb,Timothy Miller,amanda04@example.net,"52316 Jessica Estate Suite 373
Mosesland, MO 56275",321.857.0445
ae136913-d899-4ae2-b5f7-b7f8ac644926,Dennis Stewart,wwilcox@example.com,"724 Morgan Keys
Brittanyland, MN 40691",(916)853-1766x6357
b63eb7a1-3446-413e-854f-4e575493767f,Linda Miller,preynolds@example.net,"189 Vasquez Lodge
Marychester, MS 32102",659-868-0681x509
ee3f4d13-7a4d-4b61-b1a2-24a6258df382,Angelica Robinson,zlloyd@example.net,"512 Branch Lodge Suite 791
Carlamouth, AK 61217",001-931-644-6223
0ba51510-8b65-45a1-8e91-974896e5b944,Tammy Miranda DDS,vbrady@example.com,"09068 Mackenzie Trafficway Suite 660
New Grace, VI 91479",+1-213-681-1215x81623
ff4a5ba6-cede-434c-b7df-73af20653375,Caitlin Schmidt,kathrynrowe@example.net,"2563 Christopher Mountains
Millerchester, NV 12836",797.429.5417
0a8d7472-c4f7-48e9-bad5-d22744a9ec06,Keith Rogers,bwhite@example.org,"993 Amanda Fords Suite 889
South Makayla, VA 84681",(947)326-8399x93056
a06d7f1e-0283-4982-a1a6-3e1c57d3c99f,Mitchell Carson,tapiajoshua@example.com,"11056 George Fields Apt. 686
Cruzmouth, HI 34561",(939)778-0804
47cd7a75-d56b-413d-8e75-3bbc1a5f387e,Yolanda Hunt,johnsonjustin@example.org,"6607 Jackson Extension Suite 312
Markston, CT 90293",(757)859-2044x0752
7766d6f7-a236-448b-ad75-2df7322020a9,Heather Martinez,fhernandez@example.com,"659 Joshua Trail
Lake Paulaport, MN 39713",241-614-3764x418
2840652f-c730-44ed-bf4f-25afe80fa76f,Samuel Weaver,smithchristopher@example.org,"PSC 9102, Box 7359
APO AE 32912",+1-617-684-3509x045
be52d342-c4d6-459e-a1bc-5db92fbefa35,Pamela Lee,nancy92@example.org,"93425 Susan Extension Suite 808
East Stephanieburgh, NY 34695",214-208-3478x1341
452b33d7-2ab9-45ea-a2ce-0b82582ab760,David Bishop,nelsonleslie@example.net,"55690 Hicks Forges
Port Williamfort, NC 97846",988.775.0218
d13ea6f0-b450-45f4-8561-f70a5b219a3a,Rebecca Glover,melindalewis@example.org,"75630 Justin Plaza
New Jill, IN 69678",001-572-736-9716
4043e605-c31b-4765-af30-7839a1671b37,Brenda Davis,william02@example.net,"509 Smith Passage Suite 748
Samuelville, SD 94470",590-713-6093x0858
d2f9f28f-ae17-44bc-a824-7f43ef2636b5,Katherine Davis,kellylopez@example.com,"85650 Jones Hills
Thomasstad, FM 42380",707-475-9264x21615
2e1996f2-2de4-48f4-8c75-c7a240108f17,Thomas Fowler,calebsweeney@example.com,"6785 Parker Drive
Robertsonfort, OK 02682",9389489456
ae678cd3-5218-401c-982a-f59d2abc288b,Lauren Nelson,mannkristi@example.org,"154 Matthew Park
West Joshuamouth, NH 80351",700-947-7099
c0878f9a-4d06-44db-be08-566fee0acdc7,Matthew Carpenter,edwardjohnson@example.org,"74986 Jacobson Mews Suite 308
South Alanmouth, AR 29777",251-789-4817x064
a42be709-580e-4d30-b8a7-a4a80c236cfc,Christopher Mason,littlebrian@example.com,"640 Schwartz Court Apt. 236
West Richardfort, TN 51267",807-299-3983x5721
b543f869-8664-4d84-8100-14d0bad1304c,Joshua Michael,daniel85@example.com,"186 Brittany Estates Apt. 832
Lake Brendastad, NY 23478",001-215-745-5058x81641
cc466629-2063-40ae-ba09-fe5a7e6c22c3,Aaron Delgado,pattersondean@example.org,"7058 Galvan Grove
Warrentown, NM 14619",001-773-649-4966x66484
0e7055dd-9149-4059-85cf-34b32192cf21,Kari Wilson,bakercorey@example.com,"4905 Amy Mission Apt. 214
West Ashleyfort, VA 21895",283-636-2011x337
5db62cfc-624f-404c-b7bc-9b45cae4c661,Kevin Smith,thorne@example.com,"236 Bradley Mall
New Shannonhaven, NV 34069",614.422.2716x8550
e1b66c79-22a4-449b-bd60-9364e2480a4a,Holly Thompson,edwardsnicholas@example.com,"4541 Patel Stravenue
West Charlotte, CO 41645",(361)561-9539
effbce56-8acf-460a-92d4-438c8cde67a7,Jose Spencer,victoria88@example.com,"90794 Sanchez Neck Apt. 696
West Amanda, MI 06553",907-320-3641
2cd0fe99-a9e3-4c8e-80ac-ca1329f5ea82,Luis Mills,radkins@example.com,"492 Thomas Estates
Griffinton, OR 12360",(646)788-3030
a9542ae5-7981-4303-88bf-a4b27bff4e0a,Dr. Sue Bowen,danielle05@example.org,"63785 Cox Turnpike
Barnettfurt, AK 81350",(496)885-2510x760
7d0de008-83f5-4719-a42a-58641e669b0d,Maria Martinez,baileysharon@example.net,"PSC 3311, Box 6655
APO AP 46191",401-997-4205x599
2995b4bc-5f6e-4004-a1b3-5f6986b4e6e4,Stephanie Williams,robinsonsheila@example.org,"229 Katie Fields Suite 101
Davidborough, FM 71848",(728)461-4920
83c2c155-1dbe-4762-9a10-927dfd77f386,William Lam,daymaria@example.org,"3423 Richard Stream Apt. 293
New Megan, CO 69750",770.954.0999x429
729f1df5-7133-4708-a2d9-00210eb0d72b,Steven Maxwell DVM,kwashington@example.net,"2316 Robert Estate
Lake Allison, AK 24693",875-332-8420
c0b36e6c-fcb1-4719-a778-aa6f77608e81,Caitlyn Harris,bethbrown@example.net,"514 Galvan Views
West Jamesport, MT 76898",366-452-0047x8984
8a995273-13e5-45da-9cca-5a16695722a2,Tyler Johnson,erin31@example.net,"300 Mccullough Stravenue
Lake Karen, OR 01348",417.490.5563
55d38b25-abc8-40c2-8fd2-4e0a5bce8740,Corey Gonzales,pamela21@example.com,"5033 David Park Apt. 286
West Phillip, SC 37694",+1-609-316-0668x985
171e7e76-e3d2-44b3-90bf-6da81615608e,Michaela Watson,cruzbrian@example.com,"905 Mccall Knolls
Jennyfurt, VT 07546",(344)673-9479
c9cf8ac4-c036-4fb9-9493-9422bb0e1dac,Latoya Aguilar,alex54@example.net,"55552 Pennington Radial Suite 580
New Cliffordburgh, MH 52794",+1-231-782-5922x09907
f1c04bf4-3621-4157-9c12-2a00a6243705,Richard Rubio,abradley@example.com,"5933 Hurst Pike Suite 849
East Cindyfort, AS 26653",8392771680
e38d8bff-15a8-44a8-9f7a-3861d795e07e,Jonathan Murray,david98@example.org,"9232 Bryan Ramp Suite 830
Hartview, VA 96407",001-205-368-8974x82883
27d74ea0-92a9-49f5-a91c-1cd88a99b7e2,Crystal Cross,wanda66@example.org,"94344 Riley Flat
New Megan, IA 93570",001-932-999-9052
267e8ab4-0d50-47f4-b43e-995353820046,Justin Spencer,emily38@example.org,"876 Chen Springs Suite 753
East Daisy, SC 31536",2623782488
6daa6ffb-1ebd-4e91-9b26-baa0ded96a96,Michele Sanchez,hendricksjanet@example.org,"47845 Richard Court Apt. 603
Morgantown, AS 13420",430.820.3790
62293e30-a0a1-467d-937f-77071a7dd0b6,Elizabeth Simon,christian33@example.com,"50201 Amber Plains
West Kevinmouth, NY 17145",(463)747-3388x5295
9b9b508d-1a84-475a-81bc-0d63e92ac012,Michael Clark,ernestwalsh@example.net,"76619 Higgins Mountain Apt. 448
South Joseph, PR 80626",346-516-1195
72ae284c-5911-40b4-a776-91e5133e9800,John Richards,santoslaura@example.net,"1810 Adams Crossing
Christopherfort, VA 76845",+1-816-858-2818x406
b82b8df2-5c56-4e35-a9d9-580e64498e32,Nicholas Cochran,davidking@example.net,"1534 Cheyenne Stravenue Suite 922
Port Jenniferview, FM 05437",817.660.8537
86a53cb9-dca3-4a80-9d08-4f28104613de,Jonathan Palmer,msolis@example.net,"931 Sandra Gardens Suite 080
Stephenburgh, MS 26351",(752)447-2399
0931bae9-608e-4dd7-80f1-c340dd14b8f6,Cynthia Williams,justin26@example.net,"6018 Green Spur Apt. 391
Port Sherimouth, AZ 04381",001-634-293-8099
357fc9ce-f776-4f33-969b-c32bb6399c3d,Tina Smith,burnstiffany@example.com,"5957 Combs Fall
South Joseph, SC 03221",637.511.6234
089295be-bdfb-4f81-bc04-25d9e109eaac,Justin Parker,psutton@example.org,"456 Tracy Mission
Roblesville, RI 22992",6652935104
049e1000-5a2d-4688-a791-404c8cee65d9,Matthew Gaines,wlee@example.com,"1944 Thompson Trail Suite 951
West Kelly, NE 81390",9325661702
d8418cb1-7284-4975-b229-47534272cbf8,Stephanie Reed,mark28@example.net,"553 Oliver Course Apt. 637
West Zacharyborough, NJ 68732",+1-491-442-7145x191
336b0316-059b-40a9-86eb-097e95bc69ba,Albert Garcia,mcconnellandrew@example.com,"302 Owen Mall Apt. 848
Phillipsstad, CO 60506",+1-254-256-0009x440
234c7c87-b408-44d3-b397-87f8d4ba3d56,Julie Brown,ivan47@example.net,"9004 Sean Turnpike Suite 715
Kimshire, AZ 84735",603-861-7988x89216
54b35f5e-771f-4914-8015-77263920138c,Eileen Hicks,martincharles@example.net,"413 Tammy Canyon Apt. 944
West Sara, GA 01383",+1-218-438-8692x13893
23fa7313-7d8b-4dbc-ab24-5a4f20bda14d,April Blankenship,walkeramy@example.com,"67983 Mary Parkway Apt. 780
Jacksonfurt, NM 21540",+1-364-607-1009x3506
ba40ba2f-5198-46c2-bda4-6c56c97bbb2d,John Mclaughlin,margaretjohnson@example.org,"04565 Tina Station Suite 133
Parkerport, WI 28984",001-945-684-9233x059
97cee65a-db03-4565-a2b4-06635816d0b4,Jordan Jackson,nwilson@example.net,"5266 Kelly Fork Apt. 950
East Russell, UT 73147",2253382112
df7ba7a8-cb0a-4239-a045-17ad9a7d6f9e,Sue Taylor,robert36@example.net,"8120 Kelly Plaza Suite 740
Bakerstad, GU 20531",249-206-1006x431
c80b0435-2e2f-4385-ad8d-9a2902f4a73c,Kyle Shelton,lgardner@example.net,"38051 Stephen Ramp Apt. 953
Feliciaborough, SC 41033",329.924.0336
c87d3366-1f82-40bc-a8e0-a4786f715f6e,Steven Jordan,karen57@example.org,"319 Watson Falls Suite 667
South John, KS 21324",(466)797-0985x9289
3bebddec-20ec-4aca-8ecd-7d321fc663e2,Juan Jones,sydneyadams@example.net,"01790 Zimmerman Plains
West Jacqueline, IL 40397",641.856.0541
6e560ead-aef6-4f81-8104-bc81cda34722,Jeffrey Johnson,curtis85@example.net,"470 Lawson Vista Suite 692
Hicksbury, AK 08601",5373759001
0861077d-5b84-481e-868a-deaf547fcc79,Paul Yates,woodnorma@example.org,"78974 Alicia Island
East Rachelbury, HI 63278",504-987-9332
1f7aee23-a509-4303-864b-21c2b0ec026d,Robyn Knight,josebrown@example.org,"7640 Dylan Lakes
Brownhaven, CA 66307",392.449.7250x87855
6c74b0a1-71c4-4f62-b2ba-007618728a93,Jenna Price,dcochran@example.org,"573 Ho Fields
Gonzalesside, MO 83908",274-560-9307x6076
01e63e1f-947b-46eb-ac50-45bc62e4f985,Dr. Christina Murphy,andrew63@example.com,"6760 Richardson Tunnel
Lake Camerontown, NC 01480",(817)237-7431x53048
c8eda737-9e0c-4050-97b7-4920d8f49a4f,Christina Austin,lmiranda@example.com,"546 Kyle Corners Suite 480
Kaylaton, ME 61673",2622902220
45be49f4-3df9-4c7f-8042-7933108df7d3,Patricia Davidson,vbridges@example.org,"266 Cobb Manor
South Derek, KS 34567",001-568-351-2567
ced4488f-6e1d-4512-a175-072274210db0,Nicholas Fields,gutierrezelizabeth@example.org,"829 Villa Glens Suite 276
Kimberlystad, GA 04770",+1-641-984-0957x456
3ee3e266-7f70-452e-b22b-65a061c94d51,Dawn Johnson,suttonjames@example.net,"USNV Sanford
FPO AA 48338",+1-874-797-2203x10307
56fe37de-54ea-4961-858c-622045f8f02d,Mark Hoffman,browntimothy@example.com,"2415 Karen Hollow Suite 780
Matthewmouth, MN 83263",645.332.0857
1b495d5a-a771-4e20-9d59-af9a781117da,Dave King,brownjennifer@example.com,"711 Murphy Views Suite 199
New Tracey, OR 91841",757.207.2712x027
813530f7-e132-4b4d-8c42-68f48c5e3646,Kristen Roberts,oliverwilliam@example.com,"0031 Kara Oval Suite 426
Mayoland, IN 20453",338.391.5955
bcd63370-76ca-4f71-9655-b79fd4a5d73f,Joseph Jones,meghangriffin@example.net,"PSC 3157, Box 4932
APO AE 63156",833-403-9519
39d1d67c-f395-4a63-bf78-8d55256320f2,James Smith,fpark@example.com,"61598 Ochoa Ridge
Port Shannon, PW 32406",8043980756
eca0aeb5-7d6d-40cd-bebe-76ba9ec3776a,Miss Andrea Santiago,austinrobert@example.net,"77027 Hooper Fords Suite 825
Andrewsshire, HI 71566",(324)783-9201
b36decc8-10f6-4d46-a777-e8365fe4ee79,Joseph Gentry,hwashington@example.org,"346 Jones Grove
Rhondaborough, AR 90017",725.238.8312x16011
eb51ec21-7588-496d-a336-ef49354dd3e8,John Martin,dbuckley@example.net,"651 Ann Mews Suite 719
Scottland, NM 50932",998-460-0233x96385
b995fd52-c9a1-4242-8f1e-0bccbb1548f3,Christy Hopkins,kennethgarcia@example.net,"6629 Humphrey Ridge
Garciaville, GA 59658",257.982.9960x1052
747b1194-e663-42cc-8fb2-8c31fb0841c5,James Brown,michele39@example.net,"663 Morgan Brooks Suite 668
North Dorothy, IN 94996",+1-720-431-6330
c38fab26-9821-43bd-a350-5cc2b3594e48,Calvin Harding,nadams@example.org,"38501 Edward Groves Suite 835
Markburgh, AZ 28932",666.760.1982
8f811501-ccc8-4089-a64e-9a558c440325,Ellen Zuniga,erin03@example.net,"31382 Jeremy Path
Teresaport, OR 28440",309.907.2620
d1a881e0-f1d3-4b81-9ff4-1f4e274c254b,Tammy Thomas,lfisher@example.org,"3242 Jacob Estate Apt. 465
New Kaylamouth, ID 50270",363.948.9081x1648
7a67e012-8628-4c18-8449-283a96a728fa,Kathleen Conrad,edwardbryan@example.com,"340 Jennings Field
Marymouth, IA 27830",001-442-200-0223x44649
2d0fef28-3b8f-4e69-bf2f-dada02453055,Brent Gutierrez,ashleymatthew@example.net,"7118 Mary Estate Suite 721
Robinchester, SD 30402",001-268-600-5658x0381
fbe700af-633e-4ed5-aa33-7b9ad2079b30,Alexander Russell,russellbrown@example.org,"42702 Brian Trafficway
Snowside, CA 80369",+1-964-362-0556x839
a3251883-ca82-48ee-bf24-35358a6f46d2,Mary Ross,williamschristina@example.net,"864 Guzman Village
East Jeffreyside, VT 95669",517.394.6254x05636
a86703f7-d2a2-4caf-8a43-c08023bb2056,Christopher Jimenez,rrichardson@example.com,"1126 Ryan Vista
North Christinashire, IL 18149",787-245-3976x0858
6a22343e-7a0a-430a-a617-2b1c7340f604,Johnny Stewart,ramoschristopher@example.net,"6694 Gonzalez Street Apt. 697
Bonillafurt, RI 20776",(447)667-5030x62768
8fe8673e-5a7c-4b50-a450-f826811b145b,Richard Alvarez,sean87@example.com,"306 Eddie Squares Apt. 341
Craigbury, AR 80988",001-903-751-1098
40dabc5b-1f2e-4cbe-95a8-1302ff8fd3c8,James Kent,matthew82@example.org,"61922 Huffman Mountain
Lake David, KY 55813",(651)356-8379
0c6fd166-52d9-4142-87af-f74c0472bf0b,Emily Jenkins,meaganmarks@example.net,"PSC 1768, Box 6906
APO AE 85476",452.411.2379x44359
71ce0227-7008-4c1b-8d8c-8cf75babfb76,Loretta Stuart,dianalee@example.net,"58139 Mullins Meadows
Calebshire, MT 97173",+1-271-714-9864x2482
8a562f46-c58d-4614-ad26-595ae5db645a,Matthew Martin,ningram@example.org,"821 Scott Parks Suite 750
North Joshua, GU 80623",(940)347-3552x51301
17a2603b-eaaa-40b5-9128-248e4b50bb8a,Adam Pena,emartin@example.net,"23470 Richard Burg Apt. 537
Larrychester, AL 30527",(243)681-9218x124
27e51192-7712-41f3-83d8-d871b7420a44,Mandy Erickson,michaelmartin@example.net,"269 Ashley Turnpike
New Gregoryside, WY 90559",4699857615
890859b0-1765-4cda-9b0e-145fbe9bb66f,Taylor Rich,marshfrancis@example.com,"0745 Kevin Cape
Snyderside, NY 18206",8509941360
9e076a46-1261-4d11-99fe-4963ebdd0576,Charles Brown,kpayne@example.net,"972 Mendoza Centers Apt. 190
Lake Joelside, HI 50824",001-419-409-0931x066
6f6117cd-08ea-4dda-80bf-457a63f5bc3a,Benjamin Shea,davidhines@example.net,"2427 Charles Springs
Elizabethhaven, WA 09752",508.761.3685x271
9ddcea41-c553-4153-9b77-5bd84ae2138f,Stephanie Rodriguez,jeremyweber@example.net,"PSC 4459, Box 0307
APO AP 09083",001-462-556-6691x6906
f5a6d8c1-457a-499a-9523-cb044e71afdd,Heather Clark,steventhomas@example.org,"786 Gonzalez Bypass
Port Ian, VA 43432",+1-671-557-2335x390
e4e8cfce-4944-4c3f-9074-85b022b6835b,Melody Neal,brendalopez@example.net,"765 Christopher Pike Suite 868
Longmouth, WA 43431",(760)203-1878
a05c0466-f41f-45c9-8f76-0e7b6bebfc70,Rachel Bond,livingstonlisa@example.org,"PSC 3622, Box 1545
APO AE 06709",400-322-1519
a63fceb1-5df9-4a16-ae04-b35b1f62ba71,Benjamin Phillips,xjohnson@example.com,"Unit 1105 Box 3282
DPO AE 75677",937-924-5753
b624eeb3-3319-4776-a9b1-e809c924a716,Troy Gordon,sobrien@example.net,"04773 Lopez Neck
Samuelport, OR 03567",(500)273-9322x8292
4f9c8db1-44e3-4c89-9f09-44b39adf0a95,Zachary Stone,erica05@example.net,"2890 Sarah Ways Suite 161
South William, GU 71495",(466)986-6843x3404
2eccf1c1-9fb3-438a-885d-d12fd12eb761,Sara Johnson,cynthia47@example.net,"001 Stevenson Mission Apt. 747
South Courtneymouth, PW 07466",001-948-500-3947x22404
952f619b-cf10-478d-b10f-528bb9d59712,Jennifer Jackson,krista77@example.com,"PSC 2858, Box 4447
APO AE 32042",315-576-7730x4758
a3d263e3-82d8-4262-b4a9-2fd2482ddeb4,Christopher Clark,pedwards@example.net,"99298 Deborah Stravenue Suite 856
Walkerborough, CA 39570",(322)924-0577x887
8be8fcbe-fdeb-4886-98cc-95e36532d751,Craig Walker,susan90@example.net,"586 Everett Drive Suite 018
Huynhton, PR 97271",001-638-490-3830x62500
c8b51268-01e8-46d4-b1b1-22cfe61a58cd,Debra Hernandez,hillsarah@example.net,"1951 Frederick Roads
East Bryanfort, OH 82614",(926)552-5534
2330440e-48c4-418b-8ae0-c3408fcae22d,Scott Davis,ryan60@example.net,"23982 Sanders Expressway Suite 086
West Derekport, NE 30246",(676)364-0884x4548
0a58544a-b073-4ca1-ae16-374682d7e75a,Shannon Olson,vmoore@example.com,"196 Toni Views Suite 133
Stephanieton, LA 55177",+1-931-535-0664x0755
33bb01af-92ce-4ee0-9bd5-6fa330f49b52,Maria Freeman,blake37@example.net,"577 Joan Course
East Kelseyview, WY 70733",771.645.3380x606
70875cda-57a8-4c81-9a97-8bc0e104bb27,Cory Patterson,faguilar@example.org,"895 Gaines Dale
Watsonstad, KS 58675",958-706-4655
c6351ed1-e06a-46fc-a97c-72f3edcd74da,Kimberly Brown,jaredharris@example.com,"4450 Eugene Port Apt. 937
West Travis, VI 87429",+1-378-854-4022x73373
ad70b062-5337-49f4-be05-cc4fb19a8542,Deanna Flowers,carlos22@example.net,"6137 Mills Passage
East Jennifer, LA 76411",+1-997-857-7558x391
b658b54d-29e4-4cd0-8360-4f14ac002cf4,Mr. Micheal Johnson,carterjessica@example.net,"190 Denise Pines Apt. 268
Laurafurt, ME 87230",582-909-6696
2787c082-d845-45b6-9f36-683da1d80d1f,Alexis Williams,sandrastark@example.net,"209 Debra Alley
Lake Angelamouth, NE 42164",(237)449-6396
752f3d3a-40db-41f8-afac-b3b4e1b8bf58,Logan Lewis,mcfarlandmichael@example.net,"1528 Samantha Flats
Maxwellfort, MN 63866",(266)427-5512
6c7495cd-888b-45e9-b1ea-c891a794416f,Ann Boone,jliu@example.org,"USS Murphy
FPO AE 68870",+1-409-585-3279x8379
119fd82f-8bdc-4139-9234-f7f16ab554ea,Charles Huff,harrisronald@example.net,"7380 Torres Forks
Port Maryborough, CT 22767",903-409-5699x777
fdfcf43b-1fc7-4cde-b9e1-c9523ea2e712,Chad Thomas,trush@example.com,"94787 Ward Viaduct Suite 846
New Jeannetown, ND 90142",(691)930-4499x75130
094b871c-3f9d-4272-8430-b605be4f70cc,Lisa Carter,josegardner@example.org,"9718 Justin Cove
West Joseph, MP 77445",+1-418-870-8506x6596
41f77973-3889-4160-a886-a311699da50d,Francisco Green MD,yrowland@example.net,"4563 Fox Corner
Angelatown, NH 83547",(237)901-6426
510e563b-fe47-43ad-ba32-e6f7ea95155a,Tracy Hamilton,kennedykaren@example.com,"946 Mccarthy Viaduct
Smithland, MN 15019",904.624.2820x42779
c386a3f9-de3d-4562-b8f3-a753436139da,Taylor Miller,barrettmark@example.com,"PSC 6608, Box 2272
APO AA 55790",530.262.3001
acb8f3b2-2d01-4721-bbaa-743e41873c63,Donald Ward,hannahweiss@example.org,"Unit 4205 Box 6228
DPO AP 63762",(903)816-5138
80a7e81d-3070-499f-aba4-3b79d650a214,Elizabeth Castillo,alexandramcneil@example.org,"PSC 8823, Box 7758
APO AA 40485",485.714.7658
ffa0d8f7-1564-48fb-aeb4-276927ff5859,Richard Cox,mollyortiz@example.net,"422 Collins Coves
Nicoleborough, NH 07542",725-306-5045x07282
5341d047-442a-4f01-b30d-d4f2562a4b9e,Benjamin Pierce,williamsvictor@example.net,"Unit 6893 Box 7205
DPO AE 87031",(770)657-7317x96699
2f71e52e-c016-40e7-b415-b2c48268a6a7,Christopher Sawyer,anthony62@example.net,"9995 Travis Port Apt. 582
South Gerald, WY 79245",+1-770-751-8391
cb8b62cb-b426-459c-a672-04eb9525e58f,Elizabeth Landry,vhines@example.org,"5384 Bobby Plaza
South Lindsay, AS 04308",+1-586-390-0829x0765
573d2af5-7b43-404a-871f-64324cc80f00,Andrew Casey,cassandra06@example.net,"PSC 5005, Box 6242
APO AP 28042",684-423-0105x547
5d2cea53-a9ea-4a05-8f67-1db5e90590a2,William Collins,martinmark@example.org,"25282 Fuller Walks
Jamesburgh, KY 13710",001-713-676-7734x0587
ce52a63d-ce0c-4912-8a4a-86465b0ee546,Mr. Eugene Rivera,haleemily@example.com,"8426 Jessica Run
North Johnfurt, SC 16412",451-893-9314x40084
a6f1e9c0-0754-44f7-ba3b-2a3aa841dbf8,Bradley Mcdonald,fhurst@example.net,"78080 Long Manors
Wilsonburgh, PR 16471",814.914.0278x720
4fbe113e-a3ab-4da4-ab63-c612bc996c8b,Robert Lawson MD,tylerlucas@example.net,"873 Timothy Ferry
North David, GA 69103",300.241.1898
08bb12e0-5e9a-4dc4-9440-ee359c889da1,Gabriela Wallace,lambchristian@example.com,"8999 Fisher Junctions
North Jayburgh, GU 85445",967-327-5794
bd5b69cd-d7ab-42cd-a347-904a41d3766b,Evan Ryan,vstone@example.org,"0238 Blair Avenue
Hollyport, VI 67547",296-655-5925
ca6b4902-7d91-4a5a-93af-a6bba245f1a1,Kevin Ferguson,bowenbruce@example.org,"8503 Holmes Haven Suite 104
Andrewside, MP 36736",(994)430-3098
25f2e4f1-f63d-4ae7-a629-d58a388eefe6,Sandy Zhang,qwilson@example.net,"631 Samuel Garden
Lake Rhonda, NV 81826",2488115904
299378a2-4c99-4820-a333-3f4af9db54c8,Christina Kelley,brucewilliam@example.net,"32021 Vanessa Coves
South Rhondashire, WA 26537",+1-682-990-2913x77011
14222aaa-61e1-4d09-aab7-daeadf59a0f3,Jeffrey Velazquez,pclarke@example.com,"04594 Jeremy Spur
Brandystad, MP 83136",8368555935
289a89b8-06fc-42a8-b1ad-0e38a92c3197,William Black,fwatkins@example.net,"8660 Greer Crossroad Apt. 507
New Jon, PA 03857",001-371-814-9864
ca51d8ab-9391-4f2c-a266-79dcae4bf704,William Ho,elizabethmclaughlin@example.org,"PSC 8416, Box 8782
APO AA 84742",001-417-399-4814x1744
c4e70864-dc67-472f-9428-9af0a0315d36,Christopher Webb,nwilliams@example.org,"32853 Miller Key Apt. 683
Justinshire, ID 64024",561.553.3663x953
dbb27e2e-1194-4ec9-8263-709688f8c5e8,Ryan Crane,vanessa67@example.net,"7210 Wilson Keys
Villarrealtown, DC 26349",001-511-623-3240x1563
165f57be-8609-4c4d-a9f6-626b075ad0f1,Stephen Tate,mooneystephanie@example.org,"744 Smith Crescent
Henryland, MN 06040",473.203.3000x0109
abc8910f-9ed7-4f75-8ad4-a86fe0d2808e,Amanda Cooley,markssonya@example.com,"22818 Tracy Point
East Robert, MO 35430",(268)329-9543
44f2c21b-88ba-45b4-aa21-af160e0ef1a8,Henry Parks,dfrank@example.com,"8475 Emily Mills Apt. 707
Lake Karenside, MA 52074",617.760.9045x85101
8c9947a3-b8fb-4d2b-9476-b3fb2f732755,Tamara Harrison,michaelwilliams@example.com,"527 Christina Land Suite 734
North Mark, CT 83488",230.287.4851x74248
2a9eafa2-4a7e-4f1b-b8e3-53a8291770b2,Patricia Andrews DDS,usavage@example.org,"7822 Christie Ridge
North Anne, AL 68532",663.828.6972
c3ad7287-9af4-402a-86c5-f6e72458d217,Teresa Acosta,gibbsgregory@example.org,"95332 Joshua Terrace Apt. 727
Gardnerport, DE 90150",+1-305-267-8535
17297988-c450-4bfe-ac8f-4247934febf4,Erica Williams,dawnclark@example.com,"9490 Hutchinson Lights Suite 987
Lake Michael, GA 83715",+1-750-699-0389x020
ff85a070-1b99-42e7-8013-46d8d4d99b13,Angel Hampton,youngamanda@example.com,"195 Jordan Lane
East Michealhaven, ME 15289",001-926-435-0814x96523
4717300f-f8fb-49e9-bc22-20a5535be36b,Karen Parker,coxjames@example.net,"2246 Peters Estate Suite 193
Zacharychester, SD 67579",+1-304-663-1207x12406
3c7f5532-1b08-437e-a364-4be93be57f53,Oscar Morales,elittle@example.org,"237 Karen Cliffs Apt. 095
North Robert, ND 25801",9688151050
7127cba5-fb25-4b99-942c-f863701fb57d,Sean Harris,eric64@example.com,"05496 Scott Ferry
Lake Gregoryside, KY 76320",351.349.6345x8812
6dd71b08-808c-464e-b7c5-a86b375c8d00,Kimberly Rose,joseph68@example.net,"7028 Gonzalez Rue
North Brian, MI 06765",001-767-420-3940
60164738-5d0b-42d3-9ff6-fcd1a878e038,Leslie Larson,kennethho@example.org,"487 Walker Island
Grossside, SD 07870",001-928-433-2284x723
34b543a2-b9d8-492e-a255-3490f98375aa,Robert Adams,carpenterjustin@example.org,"3133 Jeffery Mill
Jeremystad, NE 38633",7165835147
68ab0c81-19e6-444a-a30e-61d6f0db8ba3,Gloria Lee,gosborn@example.com,"92236 Sosa Walk Suite 076
North Michelleland, NM 53269",001-403-254-1980x27848
8f846784-b4d0-4c43-91dc-965fbf60df03,Richard Sullivan,johnstonbethany@example.net,"760 Compton Circle Apt. 383
South Andrew, VT 99366",764.486.4108x9396
5c3fe25f-09a8-4c4b-87de-7ad6ee6bc733,Wendy Leonard,amy82@example.net,"5468 Benjamin Trail
Port Isaacfurt, MA 39864",9667271494
b434028b-88cd-452e-88f3-d69c25443cb9,David Bryant,nicole52@example.com,"85488 Shields Camp Suite 536
North Lauren, DC 09797",468-552-4755x9276
81d29da4-4e26-412c-ba7d-ff53b71acb37,Joseph Mcgrath,williemorris@example.net,"0749 Tanner Shore Suite 920
Rogershaven, LA 13327",+1-929-959-8431x38688
d452a391-3184-42cc-acd6-7860c63a9749,Lisa Moore,nataliestephens@example.net,"63863 Lawrence Passage Apt. 251
Lake Shawn, CT 32646",520.444.1334x4190
6fbf3eb7-b7aa-44d1-9d4a-16fb31b77b8d,Sarah Johnson,jenniferburke@example.com,"749 Jason Brooks Suite 568
Waltonland, MA 04887",922-240-4245
c336571c-76e1-4247-8b87-bca4e1b2816f,Andrew Carlson,jefferylowery@example.com,"5719 Sharon Fields
Fullerborough, RI 49227",8055741166
c2e40289-2997-4c33-88e2-37e39d73b7f7,Gilbert Sanders,richard35@example.org,"464 Davis Corner
Mayview, VI 48854",001-251-308-6481x16553
78a1a7f9-67d9-491b-b81a-0fa1e9938540,Claudia Perez,heather96@example.org,"25633 Jesus Mill Apt. 669
Lake Michele, ME 90433",(335)904-7851
28c27598-03b6-4f55-9c16-efe259449174,Taylor Gonzalez,bmoreno@example.net,"0250 Jason Square
Villarrealshire, FM 58120",550-700-4192x72536
011c77c2-ce85-4e3f-b82f-656e73335950,Kara Edwards,michaeltorres@example.net,"6053 James Trail Apt. 158
Vegachester, CT 68474",(880)458-7348
f1e29d7b-b351-4843-9ae5-ff1e11d658ea,Samuel Hardin,kellymitchell@example.com,"Unit 3353 Box 2607
DPO AP 94156",2576981224
d87d1cc2-5a2b-4690-a37a-6614c66d3e7c,Suzanne Fisher,buckglenn@example.com,"049 Long Circle Suite 077
Kaitlynside, MA 47951",294-481-2201x3934
58dfd009-9219-4a46-9383-d8388ed0b368,Melissa Gould,matthewmitchell@example.net,"926 Harold Well Apt. 714
Lopezbury, OH 86082",001-770-326-5964
7c80b1e9-6450-4bf2-b746-e0477923b3b3,Drew White,amandastanley@example.com,"264 Mike Square Suite 862
East Emilymouth, OR 40180",+1-764-272-4962x03116
5dc3dcce-0a53-4643-b60b-2263a34f5538,Brian Chase,brownjoshua@example.com,"48765 Garza Fall
Crystalfurt, ND 80676",+1-488-753-1913
5db84bbb-0a0d-4e2f-aead-86f232929fdc,Timothy Jones,erica37@example.com,"252 Jordan Forks
West Evelyn, VA 51426",+1-663-267-8145x383
71442bb7-1b40-4393-8935-4802ce8a1377,Charles Espinoza,chelsea62@example.net,"718 Dennis Prairie Apt. 944
East Katiefurt, NY 65290",(444)981-9695x11230
97ad1857-a958-4b4d-81b8-95a332a1a31e,Lindsey Hart,masondavid@example.org,"451 Michael Gateway
Robinburgh, NE 01018",259.323.8175
a4271fd1-08f6-4ddf-963a-7c5e30e8842e,Michael Ford,michellejones@example.com,"42660 Harris Ridge Apt. 207
Johnnyfurt, HI 11697",3699231321
2e162766-ce35-4858-817d-2c82bb02133a,Nancy Rosales,sharon12@example.org,"USNV Sullivan
FPO AE 62470",(955)796-4050
61a7d35c-50e7-4295-ac80-7e4d6a46e235,Julie Sharp,michaelchurch@example.org,"08444 Paula Port Apt. 486
Fisherville, KS 90955",894-681-4668x102
c8ad690e-5b1e-48f1-b504-e1ca56a472b8,Terry Smith,martinfrazier@example.org,"248 Manuel Tunnel
New Alexismouth, VI 91726",+1-777-545-2632x45816
3c95fbb0-7ef8-409e-904e-fdfcd8fdb8b4,Matthew Miller,katherine54@example.com,"83884 Sheppard Manors Suite 512
Jacobsside, MI 26399",746-629-7992x55152
042c9ef5-581d-4bdc-8c54-f1bdef993f44,Pamela Turner,jennylewis@example.org,"625 Melinda Estates
East Haleystad, FM 19572",+1-733-282-1542x42958
6f37aef1-1aae-4710-a449-be6f3f278ae4,Natalie Hodges,kevingriffin@example.net,"017 Rios Landing
New Andrew, WA 60447",001-566-927-1272x32680
f747ddce-6d62-472b-8824-57414d22f618,Alexandra Davis,chasecampbell@example.com,"7348 Cruz Fords Suite 470
Port Robertton, GA 76502",6023506175
07163c32-ec65-4869-95ba-f098464f1c6f,Kimberly Kane,halldarrell@example.org,"76665 Whitehead Cliffs Apt. 032
Lake Brittany, IN 25973",(801)750-4701x6627
3e463c88-91ff-4d17-acea-9fdb9d3e4dfd,Andrea Meza,stevencooper@example.com,"53643 Taylor Station Apt. 726
Jacksonchester, KY 11648",+1-649-878-4753x012
7e5fd16d-3166-46ff-a9e6-91b28a363e94,Anne Bell,paynesteven@example.net,"405 Elizabeth Turnpike Apt. 548
Hayesfort, MO 21230",966-278-9621x24904
5057befb-53ef-43d2-8392-617df7de2764,William Wright,zjohnson@example.net,"7458 Green Causeway
New Daniel, AS 10660",246-790-9652x2558
97f164e8-50c3-4b81-850f-34219bff0062,John Robinson,rowlandjacob@example.com,"077 Stephen Forest
East Terri, DE 26238",748.605.5509
cd31d9dc-ddd3-4f26-8321-49dd3e9a550f,Hunter Patton,michaelpeters@example.com,"985 Lauren Ports Suite 976
South Michaelville, PW 70618",(796)608-3917
5842030b-f99e-4d0e-8b19-ab88a5aba4a4,Jennifer Phillips,carlamorales@example.com,"3513 Evan Key Apt. 768
East Alexanderton, MN 07023",469.949.3191x6215
e243c914-5ff4-4b76-b3ec-51e4ede6f34a,Ricky Keller,landerson@example.net,"9606 Miller Estate Apt. 466
West Kevinshire, AR 53305",(271)276-9783
a1ee3699-66e8-40e6-b393-ad8e801d0d73,Dr. Erin Howard,sanchezjohn@example.com,"562 Crystal Drive
East Triciaville, AS 61026",221.567.1351x58202
b13dec2e-79d1-4ade-9a6f-9b7cf22a220f,Katherine Rodriguez,maryanderson@example.org,"676 Harris Light
Port Jameshaven, CO 43038",8027518557
2871d7c2-2a99-41f8-9ed1-3dcb06e41892,Andrew Robinson,gtaylor@example.org,"5928 Jacqueline Mountain Suite 531
Mendezport, AK 60026",(318)634-8970
57278a2b-1f3e-47b3-bd40-e918a93d6683,Victor Johnson,gloversara@example.net,"86994 Williams Rue Suite 494
East Laurie, MI 13374",+1-947-344-4638x7305
11f0d20d-baf1-46db-9d29-1c13f130c960,Samuel Martinez,jharmon@example.org,"5093 Martinez Drive Apt. 965
Timothyhaven, MD 28006",001-363-753-0072
33948b02-5850-4af3-a5d7-d2acd0802e1d,Daniel Hanson,ericthompson@example.com,"3364 Brittany Court Suite 929
Amandaland, WY 08772",4334647872
2dcf6511-e719-4e15-8ec2-a5cb3b3c2885,Patrick Rogers,rhonda07@example.org,"517 Dustin Meadows
Patriciamouth, OR 24950",(381)568-7106
580f00ad-4996-49ff-95e3-272d1db18776,Andrew Smith,hintonstephanie@example.com,"003 Evans Streets
Jacquelineland, NE 42713",254.701.2397x29875
48acbfe8-5a93-42a9-8cea-a6031050b4b8,Jesus Perez,lgibson@example.net,"0775 Lauren Ferry Apt. 648
Ellisport, DC 03416",7108493920
a542ad8d-ce1f-48e7-ad15-a52de54f27c2,Patty Cruz,tamara95@example.com,"80675 Connie Manors Suite 423
South Tracistad, GA 14134",001-722-784-2114x74152
bc8bf4a8-4f47-4daf-b5b5-58efcdf8f1c1,Sarah Bird,christopher53@example.org,"PSC 4878, Box 5056
APO AP 15930",(936)946-4249x664
33d73a16-21a7-4887-b12e-3dc126c3c036,Andrea Oconnor,jacobwalter@example.net,"Unit 9167 Box 7133
DPO AE 61726",001-672-221-7212x6612
f218bf3f-263f-47f2-829c-102e642b2f61,Patrick Harvey,charlessullivan@example.org,"179 Anthony Circle
East Teresachester, KS 83402",767-385-6045
74dc42be-55fc-474f-89c6-b089e5321347,Susan Tapia MD,vasquezseth@example.org,"2307 Thompson Points Suite 027
Kristinhaven, OR 20147",720.585.3872x211
be8ab4fc-1378-4347-85eb-f5da52f2d94a,Samantha Reyes,gle@example.org,"644 Virginia Flats Suite 310
Lake Anthonyside, MS 50501",290-842-3341x70404
a02c3b80-38e9-41fe-b3b5-0499d6bc1fdf,Richard Smith,contrerasamy@example.org,"6643 Dawn Rest
Williamston, MH 59393",(692)377-4290
